fromNode,toNode,value,interaction_type,selfLoop,label,guid
Q9LNI5,O65719,1,,False,,0
Q9LMM5,Q41975,1,,False,,1
Q5XEP9,Q41975,1,,False,,10
Q9C615,Q41975,1,,False,,100
A0A178VRB0,Q9LY94,1,,False,,1000
A0A178VRB0,F4K2L4,1,,False,,1001
A0A178VRB0,Q9FMQ5,1,,False,,1002
A0A178VRB0,Q9FMX3,1,,False,,1003
A0A178VRB0,AT5G04665,1,,False,,1004
A0A178VRB0,Q949R3,1,,False,,1005
A0A178VRB0,Q9FIC8,1,,False,,1006
A0A178VRB0,Q9FLM6,1,,False,,1007
A0A178VRB0,Q9FMH4,1,,False,,1008
A0A178VRB0,Q9FJ45,1,,False,,1009
AT1G06537,Q41975,1,,False,,101
A0A178VRB0,Q6DBD7,1,,False,,1010
A0A178VRB0,Q6NQN5,1,,False,,1011
A0A178VRB0,Q9FM20,1,,False,,1012
A0A178VRB0,Q9SGI8,1,,False,,1013
A0A178VRB0,Q9SRW1,1,,False,,1014
A0A178VRB0,Q6NMM4,1,,False,,1015
A0A178VRB0,AT3G01635,1,,False,,1016
A0A178VRB0,Q39256,1,,False,,1017
A0A178VRB0,Q9LJF1,1,,False,,1018
A0A178VRB0,A0A384L5A7,1,,False,,1019
A0A178WL27,Q03250,1,,False,,102
A0A178VRB0,A0MDR2,1,,False,,1020
A0A178VRB0,Q94KB9,1,,False,,1021
A0A178VRB0,F4J0K7,1,,False,,1022
A0A178VRB0,Q8S9K8,1,,False,,1023
A0A178VRB0,Q9LX44,1,,False,,1024
A0A178VRB0,A0MF36,1,,False,,1025
A0A178VRB0,A0A178VHT8,1,,False,,1026
A0A178VRB0,AT2G04335,1,,False,,1027
A0A178VRB0,Q8W246,1,,False,,1028
A0A178VRB0,AT2G05705,1,,False,,1029
A0A178WL27,Q41975,1,,False,,103
A0A178VRB0,Q8LF43,1,,False,,1030
A0A178VRB0,Q8RUN2,1,,False,,1031
A0A178VRB0,Q9SKY8,1,,False,,1032
A0A178VRB0,F4IGU3,1,,False,,1033
A0A178VRB0,AT2G08665,1,,False,,1034
A0A178VRB0,Q8H124,1,,False,,1035
A0A178VRB0,O80940,1,,False,,1036
A0A178VRB0,AT2G08985,1,,False,,1037
A0A178VRB0,AT2G09100,1,,False,,1038
A0A178VRB0,AT2G09510,1,,False,,1039
Q9C7Y3,Q41975,1,,False,,104
A0A178VRB0,A0A1P8B386,1,,False,,1040
A0A178VRB0,AT4G04223,1,,False,,1041
A0A178VRB0,Q9SN28,1,,False,,1042
A0A178VRB0,Q9SVQ1,1,,False,,1043
A0A178VRB0,P0DKI5,1,,False,,1044
A0A178VRB0,Q570S7,1,,False,,1045
A0A178VRB0,Q67Y55,1,,False,,1046
A0A178VRB0,Q9M0C2,1,,False,,1047
A0A178VRB0,A0A178UUI1,1,,False,,1048
A0A178VRB0,P93309_1,1,,False,,1049
AT1G06607,Q41975,1,,False,,105
A0A178VRB0,P56788,1,,False,,1050
A0A178VRB0,P56774,1,,False,,1051
A0A178VRB0,ATCG01180,1,,False,,1052
Q8H124,A0A178VRB0,1,,False,,1053
O64686,Q41975,1,,False,,1054
Q94BZ4,Q41975,1,,False,,1055
Q3EBM6,Q41975,1,,False,,1056
AT2G08750,Q41975,1,,False,,1057
Q9ZQP6,Q41975,1,,False,,1058
Q8S8K6,Q41975,1,,False,,1059
Q9MAP4,Q41975,1,,False,,106
P30302,A0A178WGQ1,1,,False,,1060
P30302,Q2V4F3,1,,False,,1061
P30302,Q9FKR0,1,,False,,1062
P30302,AT2G07495,1,,False,,1063
P30302,Q944A3,1,,False,,1064
P30302,Q41975,1,,False,,1065
P30302,Q67Y55,1,,False,,1066
Q0WT19,Q41975,1,,False,,1067
O80940,A0A178VRB0,1,,False,,1068
O80940,Q41975,1,,False,,1069
F4HPH2,Q03250,1,,False,,107
O80943,Q41975,1,,False,,1070
Q0PGJ6,Q03250,1,,False,,1071
A0A178VRZ9,Q03250,1,,False,,1072
O80912,Q41975,1,,False,,1073
AT2G08985,A0A178VRB0,1,,False,,1074
AT2G08985,Q41975,1,,False,,1075
O80959,Q03250,1,,False,,1076
Q1PEV9,Q03250,1,,False,,1077
O80625,Q41975,1,,False,,1078
Q5S4V7,Q41975,1,,False,,1079
Q56XQ6,Q41975,1,,False,,108
O80638,Q41975,1,,False,,1080
O48818,Q41975,1,,False,,1081
AT2G09100,A0A178VRB0,1,,False,,1082
AT2G09100,Q41975,1,,False,,1083
O04211,Q41975,1,,False,,1084
Q9SIZ6,Q03250,1,,False,,1085
P25071,Q41975,1,,False,,1086
F4IJY6,Q41975,1,,False,,1087
A0A1P8AXS6,Q41975,1,,False,,1088
A0A1P8B058,Q41975,1,,False,,1089
F4HR92,Q03250,1,,False,,109
Q700W2,Q41975,1,,False,,1090
Q9SK55,Q41975,1,,False,,1091
AT2G09490,Q41975,1,,False,,1092
AT2G09505,Q03250,1,,False,,1093
AT2G09510,A0A178VRB0,1,,False,,1094
AT2G09510,Q41975,1,,False,,1095
O64864,Q41975,1,,False,,1096
O64645,Q41975,1,,False,,1097
P0CH01,Q41975,1,,False,,1098
AT2G09745,Q41975,1,,False,,1099
P93824,Q41975,1,,False,,11
Q4PT10,Q41975,1,,False,,110
Q944A3,P30302,1,,False,,1100
AT2G09805,Q41975,1,,False,,1101
O22893,Q41975,1,,False,,1102
Q94AX3,Q41975,1,,False,,1103
Q1PED2,Q41975,1,,False,,1104
A0A1P8B386,A0A178VRB0,1,,False,,1105
A0A1P8B386,Q41975,1,,False,,1106
O23077,Q03250,1,,False,,1107
O23066,Q41975,1,,False,,1108
A0A178UTR4,Q41975,1,,False,,1109
Q9LQ29,A0A178VRB0,1,,False,,111
Q1G391,Q41975,1,,False,,1110
F4JG50,Q41975,1,,False,,1111
Q9ZSJ2,Q41975,1,,False,,1112
O81301,Q41975,1,,False,,1113
Q66GM9,Q41975,1,,False,,1114
Q9ZT95,Q41975,1,,False,,1115
AT4G04455,Q41975,1,,False,,1116
Q3E7R1,Q03250,1,,False,,1117
AT4G04465,Q03250,1,,False,,1118
A8MQG6,Q03250,1,,False,,1119
Q2V2Q8,Q41975,1,,False,,112
Q9SY38,Q41975,1,,False,,1120
AT4G04223,A0A178VRB0,1,,False,,1121
Q9XEC3,Q03250,1,,False,,1122
Q9XEB6,Q41975,1,,False,,1123
Q9M0Z9,Q41975,1,,False,,1124
Q9ZPH4,Q03250,1,,False,,1125
Q9ZPH4,Q41975,1,,False,,1126
Q9S9T4,Q03250,1,,False,,1127
AT4G05065,Q41975,1,,False,,1128
A0A178UXQ0,Q41975,1,,False,,1129
Q39072,Q41975,1,,False,,113
Q9SUF1,Q41975,1,,False,,1130
Q9LDN9,Q41975,1,,False,,1131
Q9M0S8,Q41975,1,,False,,1132
Q9SN28,A0A178VRB0,1,,False,,1133
Q84TI7,Q41975,1,,False,,1134
Q9ZSA8,Q41975,1,,False,,1135
Q9SZY2,Q41975,1,,False,,1136
Q9T017,Q41975,1,,False,,1137
Q9LDS6,Q03250,1,,False,,1138
P50700,Q03250,1,,False,,1139
Q4PT07,Q03250,1,,False,,114
F4JP36,Q41975,1,,False,,1140
Q38838,Q41975,1,,False,,1141
AT4G05945,Q03250,1,,False,,1142
Q9STH8,Q41975,1,,False,,1143
Q9STH1,Q41975,1,,False,,1144
Q39176,Q41975,1,,False,,1145
Q9SU34,Q03250,1,,False,,1146
Q9SU33,Q41975,1,,False,,1147
A0A178V1C5_1,Q41975,1,,False,,1148
Q9SU32,Q41975,1,,False,,1149
Q9C6F2,Q41975,1,,False,,115
Q0V809,Q03250,1,,False,,1150
Q0V809,Q41975,1,,False,,1151
Q1PE89,Q41975,1,,False,,1152
Q9SVQ1,A0A178VRB0,1,,False,,1153
Q9T0J9,Q03250,1,,False,,1154
Q9T0K2,Q41975,1,,False,,1155
O23267,Q03250,1,,False,,1156
P0DKI5,A0A178VRB0,1,,False,,1157
P0DKI5,Q41975,1,,False,,1158
AT4G14548,Q41975,1,,False,,1159
Q8LCE4,Q03250,1,,False,,116
Q94K66,Q03250,1,,False,,1160
O23384,Q41975,1,,False,,1161
Q0WQ07,Q41975,1,,False,,1162
O23391,Q41975,1,,False,,1163
O23401,Q41975,1,,False,,1164
F4JK75,Q03250,1,,False,,1165
AT4G06340,Q03250,1,,False,,1166
Q8LF65,Q41975,1,,False,,1167
Q8VZJ2,Q41975,1,,False,,1168
Q41975,Q9LMM5,1,,False,,1169
Q9C7I9,Q03250,1,,False,,117
Q41975,Q9LMM0,1,,False,,1170
Q41975,Q84VV7,1,,False,,1171
Q41975,A0A178WAU2,1,,False,,1172
Q41975,Q43383,1,,False,,1173
Q41975,AT1G04223,1,,False,,1174
Q41975,Q5XEP9,1,,False,,1175
Q41975,P93824,1,,False,,1176
Q41975,AT1G04425,1,,False,,1177
Q41975,AT1G04273,1,,False,,1178
Q41975,Q9LR44,1,,False,,1179
Q9C7I3,Q41975,1,,False,,118
Q41975,Q9LNE7,1,,False,,1180
Q41975,Q9LNE3,1,,False,,1181
Q41975,Q9LNW0,1,,False,,1182
Q41975,Q9LQN6,1,,False,,1183
Q41975,Q9SGD1,1,,False,,1184
Q41975,Q9FRR8,1,,False,,1185
Q41975,Q9XFR5,1,,False,,1186
Q41975,O80518,1,,False,,1187
Q41975,Q9FUS8,1,,False,,1188
Q41975,Q8LC45,1,,False,,1189
F4I389,Q41975,1,,False,,119
Q41975,O04090,1,,False,,1190
Q41975,O04089,1,,False,,1191
Q41975,F4I8W6,1,,False,,1192
Q41975,F4IAL1,1,,False,,1193
Q41975,F4IDV3,1,,False,,1194
Q41975,Q8LCI3,1,,False,,1195
Q41975,Q9FX60,1,,False,,1196
Q41975,AT1G13448,1,,False,,1197
Q41975,Q9XI72,1,,False,,1198
Q41975,Q9XI67,1,,False,,1199
AT1G04425,Q41975,1,,False,,12
A0A1P8APK5,Q03250,1,,False,,120
Q41975,Q3EDC6,1,,False,,1200
Q41975,Q8H0Z4,1,,False,,1201
Q41975,A0A1P8AQK1,1,,False,,1202
Q41975,Q39103,1,,False,,1203
Q41975,F4I177,1,,False,,1204
Q41975,Q9SA32,1,,False,,1205
Q41975,Q9SA47,1,,False,,1206
Q41975,Q9FE54,1,,False,,1207
Q41975,Q39224,1,,False,,1208
Q41975,A0A178WBQ2,1,,False,,1209
A0A1P8AMN4,Q41975,1,,False,,121
Q41975,Q9SHH6,1,,False,,1210
Q41975,Q9LN16,1,,False,,1211
Q41975,Q9FZ66,1,,False,,1212
Q41975,Q8GZ13,1,,False,,1213
Q41975,Q3E7S2,1,,False,,1214
Q41975,Q93WK6,1,,False,,1215
Q41975,Q9LMV9,1,,False,,1216
Q41975,F4HUN4,1,,False,,1217
Q41975,Q9LMP5,1,,False,,1218
Q41975,Q8VY80,1,,False,,1219
F4HPM2,Q41975,1,,False,,122
Q41975,F4I1A6,1,,False,,1220
Q41975,AT1G05753,1,,False,,1221
Q41975,Q9SQI2,1,,False,,1222
Q41975,A0JQ18,1,,False,,1223
Q41975,AT1G24068,1,,False,,1224
Q41975,A2RVM1,1,,False,,1225
Q41975,Q9FYL1,1,,False,,1226
Q41975,Q9FZ91,1,,False,,1227
Q41975,Q9FZ93,1,,False,,1228
Q41975,A0A1P8AUP1,1,,False,,1229
Q8L7S1,Q41975,1,,False,,123
Q41975,Q9S9P6,1,,False,,1230
Q41975,Q9SA71,1,,False,,1231
Q41975,A0A178WJZ2,1,,False,,1232
Q41975,Q9C615,1,,False,,1233
Q41975,AT1G06537,1,,False,,1234
Q41975,A0A178WL27,1,,False,,1235
Q41975,Q9C7Y3,1,,False,,1236
Q41975,AT1G06607,1,,False,,1237
Q41975,Q9MAP4,1,,False,,1238
Q41975,Q56XQ6,1,,False,,1239
Q6X7J9,Q03250,1,,False,,124
Q41975,Q4PT10,1,,False,,1240
Q41975,Q2V2Q8,1,,False,,1241
Q41975,Q39072,1,,False,,1242
Q41975,Q9C6F2,1,,False,,1243
Q41975,Q9C7I3,1,,False,,1244
Q41975,F4I389,1,,False,,1245
Q41975,A0A1P8AMN4,1,,False,,1246
Q41975,F4HPM2,1,,False,,1247
Q41975,Q8L7S1,1,,False,,1248
Q41975,Q9SX97,1,,False,,1249
A0A178WFX1,Q03250,1,,False,,125
Q41975,F4HV37,1,,False,,1250
Q41975,A0A178WPD2,1,,False,,1251
Q41975,Q9C748,1,,False,,1252
Q41975,A0A1P8ATQ1,1,,False,,1253
Q41975,Q9XIB6,1,,False,,1254
Q41975,Q9M7Q5,1,,False,,1255
Q41975,Q9LPM2,1,,False,,1256
Q41975,A0A384LK78,1,,False,,1257
Q41975,Q9C6K0,1,,False,,1258
Q41975,Q9C684,1,,False,,1259
A0A178W0F5,Q03250,1,,False,,126
Q41975,Q9C8J1,1,,False,,1260
Q41975,Q9C8J4,1,,False,,1261
Q41975,A0A1P8AP20,1,,False,,1262
Q41975,AT1G07823,1,,False,,1263
Q41975,Q9SSR7,1,,False,,1264
Q41975,F4IEM5,1,,False,,1265
Q41975,Q9LNN7,1,,False,,1266
Q41975,Q9LPG4,1,,False,,1267
Q41975,P13853,1,,False,,1268
Q41975,Q9C8L7,1,,False,,1269
AT1G07367,Q03250,1,,False,,127
Q41975,A0A178W501,1,,False,,1270
Q41975,Q9C8M4,1,,False,,1271
Q41975,F4HTB2,1,,False,,1272
Q41975,Q9SYF3,1,,False,,1273
Q41975,Q9SYF4,1,,False,,1274
Q41975,Q9SYF5,1,,False,,1275
Q41975,F4HWY6,1,,False,,1276
Q41975,Q9FZ41,1,,False,,1277
Q41975,F4HYM3,1,,False,,1278
Q41975,Q9C7M1,1,,False,,1279
Q9SX97,Q41975,1,,False,,128
Q41975,A0A1P8ASI5,1,,False,,1280
Q41975,Q9C7J9,1,,False,,1281
Q41975,F4I839,1,,False,,1282
Q41975,Q9C6R4,1,,False,,1283
Q41975,Q9XIF4,1,,False,,1284
Q41975,Q9XIE3,1,,False,,1285
Q41975,O80737,1,,False,,1286
Q41975,Q4PSY2,1,,False,,1287
Q41975,O22721,1,,False,,1288
Q41975,A8MRV9,1,,False,,1289
F4HV37,A0A178VRB0,1,,False,,129
Q41975,Q5E930,1,,False,,1290
Q41975,Q9SXE1,1,,False,,1291
Q41975,F4HYV4,1,,False,,1292
Q41975,F4HYV5,1,,False,,1293
Q41975,Q8LDN8,1,,False,,1294
Q41975,Q9SH42,1,,False,,1295
Q41975,Q9CAC7,1,,False,,1296
Q41975,Q4PSX8,1,,False,,1297
Q41975,Q42059,1,,False,,1298
Q41975,Q9ZPJ8,1,,False,,1299
AT1G04273,Q41975,1,,False,,13
F4HV37,Q41975,1,,False,,130
Q41975,A0A1P8APL7,1,,False,,1300
Q41975,Q9XIQ2,1,,False,,1301
Q41975,Q9S777,1,,False,,1302
Q41975,F4I9U8,1,,False,,1303
Q41975,A0A1P8AR77,1,,False,,1304
Q41975,Q9SS00,1,,False,,1305
Q41975,Q9SRZ4,1,,False,,1306
Q41975,Q9SRZ2,1,,False,,1307
Q41975,Q7X6Y7,1,,False,,1308
Q41975,AT1G08847,1,,False,,1309
Q9C7Z5,Q03250,1,,False,,131
Q41975,F4HQ23,1,,False,,1310
Q41975,Q9FZI2,1,,False,,1311
Q41975,A0A178WEM2,1,,False,,1312
Q41975,AT1G09053,1,,False,,1313
Q41975,AT1G09083,1,,False,,1314
Q41975,Q8RX77,1,,False,,1315
Q41975,Q9M9H0,1,,False,,1316
Q41975,AT1G09287,1,,False,,1317
Q41975,Q5XVG3,1,,False,,1318
Q41975,Q9FNX8,1,,False,,1319
A0A178WPD2,Q41975,1,,False,,132
Q41975,Q9CAI1,1,,False,,1320
Q41975,Q9CAT6,1,,False,,1321
Q41975,Q8RXD5,1,,False,,1322
Q41975,A0A178WCQ2,1,,False,,1323
Q41975,AT1G09423,1,,False,,1324
Q41975,AT1G74205,1,,False,,1325
Q41975,AT1G09513,1,,False,,1326
Q41975,Q9C9P9,1,,False,,1327
Q41975,Q5XVF5,1,,False,,1328
Q41975,Q9SRE7,1,,False,,1329
Q9C748,Q03250,1,,False,,133
Q41975,Q9FVW9,1,,False,,1330
Q41975,Q9CAR0,1,,False,,1331
Q41975,Q8GYM1,1,,False,,1332
Q41975,Q9ZVA5,1,,False,,1333
Q41975,B6EXY6,1,,False,,1334
Q41975,O64538,1,,False,,1335
Q41975,Q9M040,1,,False,,1336
Q41975,Q9SDW0,1,,False,,1337
Q41975,Q9M020,1,,False,,1338
Q41975,A0A1P8BFF1,1,,False,,1339
Q9C748,Q41975,1,,False,,134
Q41975,Q9LZX2,1,,False,,1340
Q41975,Q9LZW0,1,,False,,1341
Q41975,A0A1P8BF18,1,,False,,1342
Q41975,Q93WK5,1,,False,,1343
Q41975,A0A178URA3,1,,False,,1344
Q41975,Q9LZS0,1,,False,,1345
Q41975,F4KI56,1,,False,,1346
Q41975,Q9FF79,1,,False,,1347
Q41975,O82132,1,,False,,1348
Q41975,Q9LHS8,1,,False,,1349
Q9C749,Q03250,1,,False,,135
Q41975,A0A178UA82,1,,False,,1350
Q41975,Q9FL48,1,,False,,1351
Q41975,Q8GZ53,1,,False,,1352
Q41975,A0A178U9K3,1,,False,,1353
Q41975,Q9SD85,1,,False,,1354
Q41975,Q8L7B4,1,,False,,1355
Q41975,Q9FNP0,1,,False,,1356
Q41975,Q9FIB2,1,,False,,1357
Q41975,Q8LD63,1,,False,,1358
Q41975,F4KFG5,1,,False,,1359
A0A178W2S0,Q03250,1,,False,,136
Q41975,Q9LX16,1,,False,,1360
Q41975,Q94FL9,1,,False,,1361
Q41975,P29830,1,,False,,1362
Q41975,O81822,1,,False,,1363
Q41975,Q84WM9,1,,False,,1364
Q41975,Q9LY94,1,,False,,1365
Q41975,A0A178U7B6,1,,False,,1366
Q41975,A0A1P8BB23,1,,False,,1367
Q41975,Q9LXF3,1,,False,,1368
Q41975,Q9LXE7,1,,False,,1369
P0C034,Q03250,1,,False,,137
Q41975,P18612,1,,False,,1370
Q41975,F4KGY6,1,,False,,1371
Q41975,Q9FJG5,1,,False,,1372
Q41975,Q9FK42,1,,False,,1373
Q41975,Q3E9D5,1,,False,,1374
Q41975,O23115,1,,False,,1375
Q41975,Q5XV37,1,,False,,1376
Q41975,A0A384L1G6,1,,False,,1377
Q41975,AT5G03375,1,,False,,1378
Q41975,Q9FMQ5,1,,False,,1379
A0A1P8ATQ1,Q41975,1,,False,,138
Q41975,Q39152,1,,False,,1380
Q41975,Q9FFC2,1,,False,,1381
Q41975,F4KEA4,1,,False,,1382
Q41975,B3H6V9,1,,False,,1383
Q41975,A0A178U9Q7,1,,False,,1384
Q41975,Q6LA42,1,,False,,1385
Q41975,Q6NKZ8,1,,False,,1386
Q41975,Q8W1D5,1,,False,,1387
Q41975,AT5G03965,1,,False,,1388
Q41975,Q8GY54,1,,False,,1389
Q9XIB6,Q41975,1,,False,,139
Q41975,AT5G04665,1,,False,,1390
Q41975,Q6IDP7,1,,False,,1391
Q41975,F4K8L9,1,,False,,1392
Q41975,Q8W036,1,,False,,1393
Q41975,Q9FKN2,1,,False,,1394
Q41975,AT5G05785,1,,False,,1395
Q41975,Q9FID8,1,,False,,1396
Q41975,Q9FID6,1,,False,,1397
Q41975,Q9FIC8,1,,False,,1398
Q41975,Q9FLY6,1,,False,,1399
P0DI10_1,Q03250,1,,False,,14
Q9M7Q5,Q41975,1,,False,,140
Q41975,Q9FLE2,1,,False,,1400
Q41975,Q9FLM1,1,,False,,1401
Q41975,Q9FN69,1,,False,,1402
Q41975,A0MFL4,1,,False,,1403
Q41975,A0A1P8BEK1,1,,False,,1404
Q41975,Q9FHY0,1,,False,,1405
Q41975,F4K1I5,1,,False,,1406
Q41975,Q9FJV8,1,,False,,1407
Q41975,Q96242,1,,False,,1408
Q41975,A0A1P8BDN2,1,,False,,1409
F4I3E1,A0A178VRB0,1,,False,,141
Q41975,Q3E7L7,1,,False,,1410
Q41975,Q9FIY7,1,,False,,1411
Q41975,Q9FIY6,1,,False,,1412
Q41975,Q9XF19,1,,False,,1413
Q41975,Q9FI25,1,,False,,1414
Q41975,A8MS31,1,,False,,1415
Q41975,Q8GWN6,1,,False,,1416
Q41975,Q8GZ89,1,,False,,1417
Q41975,Q9FK78,1,,False,,1418
Q41975,Q9FJ55,1,,False,,1419
Q9LPM2,Q41975,1,,False,,142
Q41975,Q8LET2,1,,False,,1420
Q41975,Q6DBD7,1,,False,,1421
Q41975,AT5G06885,1,,False,,1422
Q41975,Q9FGL2,1,,False,,1423
Q41975,Q8L7D5,1,,False,,1424
Q41975,Q9LV60,1,,False,,1425
Q41975,Q9FJL3,1,,False,,1426
Q41975,Q9FH21,1,,False,,1427
Q41975,Q00917,1,,False,,1428
Q41975,Q9FJ06,1,,False,,1429
A0A384LK78,Q41975,1,,False,,143
Q41975,Q5MAU8,1,,False,,1430
Q41975,Q9FGN8,1,,False,,1431
Q41975,F4KBY8,1,,False,,1432
Q41975,Q9FHN4,1,,False,,1433
Q41975,Q9FJ90,1,,False,,1434
Q41975,Q9LTJ6,1,,False,,1435
Q41975,Q9FHC8,1,,False,,1436
Q41975,P27323,1,,False,,1437
Q41975,Q6NQN5,1,,False,,1438
Q41975,Q9FK12,1,,False,,1439
Q9C6K0,Q41975,1,,False,,144
Q41975,Q9FN34,1,,False,,1440
Q41975,Q9FL70,1,,False,,1441
Q41975,Q6NLH4,1,,False,,1442
Q41975,Q8GYV1,1,,False,,1443
Q41975,F4K1T9,1,,False,,1444
Q41975,Q9FE63,1,,False,,1445
Q41975,Q9LU77,1,,False,,1446
Q41975,Q8GWP9,1,,False,,1447
Q41975,Q9FGT7,1,,False,,1448
Q41975,Q94AT2,1,,False,,1449
Q56W21,Q03250,1,,False,,145
Q41975,Q9FIF5,1,,False,,1450
Q41975,Q9LTH2,1,,False,,1451
Q41975,A0A1P8BH47,1,,False,,1452
Q41975,Q9LVG8,1,,False,,1453
Q41975,Q9LVG4,1,,False,,1454
Q41975,Q9LST3,1,,False,,1455
Q41975,Q38876,1,,False,,1456
Q41975,Q9FLK4,1,,False,,1457
Q41975,Q9FKH0,1,,False,,1458
Q41975,AT5G09020,1,,False,,1459
Q9C684,Q03250,1,,False,,146
Q41975,A0A1P8BG95,1,,False,,1460
Q41975,F4K529,1,,False,,1461
Q41975,Q9FIS1,1,,False,,1462
Q41975,Q9FM20,1,,False,,1463
Q41975,AT5G09125,1,,False,,1464
Q41975,Q9FFQ7,1,,False,,1465
Q41975,Q8VYI9,1,,False,,1466
Q41975,A8MQN2,1,,False,,1467
Q41975,Q9FMG6,1,,False,,1468
Q41975,Q9FGF1,1,,False,,1469
Q9C684,Q41975,1,,False,,147
Q41975,Q93WU9,1,,False,,1470
Q41975,Q9LV88,1,,False,,1471
Q41975,Q9LV80,1,,False,,1472
Q41975,Q37001,1,,False,,1473
Q41975,Q9FKY4,1,,False,,1474
Q41975,Q67ZW1,1,,False,,1475
Q41975,Q9FKW8,1,,False,,1476
Q41975,Q9FJZ3,1,,False,,1477
Q41975,Q9FL02,1,,False,,1478
Q41975,AT3G01045,1,,False,,1479
Q9C8J1,Q41975,1,,False,,148
Q41975,Q9S839,1,,False,,1480
Q41975,Q96305,1,,False,,1481
Q41975,Q9M880,1,,False,,1482
Q41975,Q9SCW5,1,,False,,1483
Q41975,F4J3L8,1,,False,,1484
Q41975,Q6S491,1,,False,,1485
Q41975,AT3G01635,1,,False,,1486
Q41975,Q9M9W9,1,,False,,1487
Q41975,AT3G06962,1,,False,,1488
Q41975,Q9SSE5,1,,False,,1489
Q9C8J4,Q41975,1,,False,,149
Q41975,Q9S7W4,1,,False,,1490
Q41975,O65719,1,,False,,1491
Q41975,Q1PER6,1,,False,,1492
Q41975,Q39256,1,,False,,1493
Q41975,B3H7G1,1,,False,,1494
Q41975,F4J2K4,1,,False,,1495
Q41975,A0A384L851,1,,False,,1496
Q41975,O82133,1,,False,,1497
Q41975,Q9CAY6,1,,False,,1498
Q41975,Q9LJF1,1,,False,,1499
Q9LR44,Q41975,1,,False,,15
Q9C8K5,Q03250,1,,False,,150
Q41975,Q66GI2,1,,False,,1500
Q41975,Q9LUE0,1,,False,,1501
Q41975,A0A384L6K0,1,,False,,1502
Q41975,Q9LW80,1,,False,,1503
Q41975,Q3EB59,1,,False,,1504
Q41975,Q9LU15,1,,False,,1505
Q41975,O04318,1,,False,,1506
Q41975,O04313,1,,False,,1507
Q41975,O04311,1,,False,,1508
Q41975,Q8RWC9,1,,False,,1509
AT1G07757,Q03250,1,,False,,151
Q41975,Q9LHN5,1,,False,,1510
Q41975,Q9LHN2,1,,False,,1511
Q41975,Q6PUA2,1,,False,,1512
Q41975,Q9LT67,1,,False,,1513
Q41975,Q9LJY7,1,,False,,1514
Q41975,A0A384KN90,1,,False,,1515
Q41975,Q8RWR1,1,,False,,1516
Q41975,A0A384KH04,1,,False,,1517
Q41975,F4IXJ9,1,,False,,1518
Q41975,Q9LVF4,1,,False,,1519
A0A1P8AP20,Q41975,1,,False,,152
Q41975,Q8LAX0,1,,False,,1520
Q41975,Q94ID1,1,,False,,1521
Q41975,AT3G04615,1,,False,,1522
Q41975,Q94K36,1,,False,,1523
Q41975,Q9LSG4,1,,False,,1524
Q41975,Q9LSF1,1,,False,,1525
Q41975,Q9LTL0,1,,False,,1526
Q41975,Q9LIM9,1,,False,,1527
Q41975,Q9LW27,1,,False,,1528
Q41975,Q9LI89,1,,False,,1529
AT1G07823,Q41975,1,,False,,153
Q41975,Q42431,1,,False,,1530
Q41975,Q9LH84,1,,False,,1531
Q41975,A0A384L5A7,1,,False,,1532
Q41975,Q9LHA1,1,,False,,1533
Q41975,A0MEZ2,1,,False,,1534
Q41975,A0A1I9LQX0,1,,False,,1535
Q41975,Q9LIA0,1,,False,,1536
Q41975,AT3G05955,1,,False,,1537
Q41975,P92983,1,,False,,1538
Q41975,Q9LHR4,1,,False,,1539
Q9SSR7,Q41975,1,,False,,154
Q41975,P32962,1,,False,,1540
Q41975,Q2V3R1,1,,False,,1541
Q41975,Q9M280,1,,False,,1542
Q41975,Q9M1V1,1,,False,,1543
Q41975,AT3G45638,1,,False,,1544
Q41975,F4J6S4,1,,False,,1545
Q41975,Q9LZU4,1,,False,,1546
Q41975,P19036,1,,False,,1547
Q41975,AT3G07365,1,,False,,1548
Q41975,A0A1I9LPN5,1,,False,,1549
A0A1P8AQT5,Q03250,1,,False,,155
Q41975,Q9SD62,1,,False,,1550
Q41975,Q9SN89,1,,False,,1551
Q41975,Q9STT7,1,,False,,1552
Q41975,Q8LPK0,1,,False,,1553
Q41975,Q9SMP6,1,,False,,1554
Q41975,Q9SCK2,1,,False,,1555
Q41975,Q9SCK1,1,,False,,1556
Q41975,A0A178VDD8,1,,False,,1557
Q41975,A0A384KU05,1,,False,,1558
Q41975,Q9M2R9,1,,False,,1559
F4IEM5,Q41975,1,,False,,156
Q41975,Q8LC79,1,,False,,1560
Q41975,Q9SV12,1,,False,,1561
Q41975,AT3G08215,1,,False,,1562
Q41975,AT3G08245,1,,False,,1563
Q41975,Q0WPI9,1,,False,,1564
Q41975,Q9LFI1,1,,False,,1565
Q41975,AT3G53365,1,,False,,1566
Q41975,A0A1I9LSN5,1,,False,,1567
Q41975,AT3G08370,1,,False,,1568
Q41975,Q9M1I2,1,,False,,1569
Q9LNN7,Q41975,1,,False,,157
Q41975,Q9SV31,1,,False,,1570
Q41975,Q9M050,1,,False,,1571
Q41975,Q9FPR6,1,,False,,1572
Q41975,F4J0R7,1,,False,,1573
Q41975,Q9LER9,1,,False,,1574
Q41975,Q5Q0C3,1,,False,,1575
Q41975,Q94A08,1,,False,,1576
Q41975,Q9M2Q2,1,,False,,1577
Q41975,Q9M2H8,1,,False,,1578
Q41975,Q9LX44,1,,False,,1579
Q9LPG4,Q41975,1,,False,,158
Q41975,Q9LX26,1,,False,,1580
Q41975,A0A1I9LQ55,1,,False,,1581
Q41975,Q9LEA3,1,,False,,1582
Q41975,Q5Q0C1,1,,False,,1583
Q41975,Q8GZ84,1,,False,,1584
Q41975,Q9SLP1,1,,False,,1585
Q41975,Q9M271,1,,False,,1586
Q41975,Q6NLP7,1,,False,,1587
Q41975,A0A178VHT8,1,,False,,1588
Q41975,Q9LYC8,1,,False,,1589
P13853,Q41975,1,,False,,159
Q41975,Q3EC92,1,,False,,1590
Q41975,Q52K81,1,,False,,1591
Q41975,Q9ZPS3,1,,False,,1592
Q41975,Q9ZVP8,1,,False,,1593
Q41975,A0A1P8AXS8,1,,False,,1594
Q41975,AT2G04335,1,,False,,1595
Q41975,AT2G04465,1,,False,,1596
Q41975,Q9SI53,1,,False,,1597
Q41975,Q6ID76,1,,False,,1598
Q41975,Q27GL4,1,,False,,1599
Q9SYK9,Q03250,1,,False,,16
Q9C8L7,Q41975,1,,False,,160
Q41975,AT2G05665,1,,False,,1600
Q41975,A0A1P8AXQ6,1,,False,,1601
Q41975,AT2G15128,1,,False,,1602
Q41975,Q9SJP7,1,,False,,1603
Q41975,Q9XIL1,1,,False,,1604
Q41975,AT2G06475,1,,False,,1605
Q41975,Q9XIL9,1,,False,,1606
Q41975,AT2G06995,1,,False,,1607
Q41975,Q9ZPV9,1,,False,,1608
Q41975,Q9ZNQ8,1,,False,,1609
A0A178W501,Q41975,1,,False,,161
Q41975,Q9ZNS0,1,,False,,1610
Q41975,Q9ZV49,1,,False,,1611
Q41975,O82200,1,,False,,1612
Q41975,Q7X8U5,1,,False,,1613
Q41975,Q9SKQ0,1,,False,,1614
Q41975,Q9SIJ6,1,,False,,1615
Q41975,Q03250,1,,False,,1616
Q41975,Q9SJY8,1,,False,,1617
Q41975,O64815,1,,False,,1618
Q41975,Q1PF13,1,,False,,1619
Q9C8M4,Q41975,1,,False,,162
Q41975,O80458,1,,False,,1620
Q41975,O64838,1,,False,,1621
Q41975,O82225,1,,False,,1622
Q41975,Q8VYI6,1,,False,,1623
Q41975,Q9ZUH9,1,,False,,1624
Q41975,Q9SK52,1,,False,,1625
Q41975,O48719,1,,False,,1626
Q41975,A0A178VPT1,1,,False,,1627
Q41975,Q9SZY4,1,,False,,1628
Q41975,O81025,1,,False,,1629
F4HTB2,Q41975,1,,False,,163
Q41975,Q8GWP3,1,,False,,1630
Q41975,F4IFN6,1,,False,,1631
Q41975,Q8S897,1,,False,,1632
Q41975,Q9SK02,1,,False,,1633
Q41975,Q9ZW15,1,,False,,1634
Q41975,Q9ZW16,1,,False,,1635
Q41975,F4IKM1,1,,False,,1636
Q41975,Q6DBM8,1,,False,,1637
Q41975,Q9ZW31,1,,False,,1638
Q41975,O04333,1,,False,,1639
Q9SYF3,Q41975,1,,False,,164
Q41975,Q84TK1,1,,False,,1640
Q41975,Q9SID2,1,,False,,1641
Q41975,Q9SIQ2,1,,False,,1642
Q41975,Q9SKB7,1,,False,,1643
Q41975,O48851,1,,False,,1644
Q41975,O48843,1,,False,,1645
Q41975,Q84MD6,1,,False,,1646
Q41975,O49323,1,,False,,1647
Q41975,P93007,1,,False,,1648
Q41975,AT2G33815,1,,False,,1649
Q9SYF4,Q41975,1,,False,,165
Q41975,P93017,1,,False,,1650
Q41975,Q1G3S4,1,,False,,1651
Q41975,P93019,1,,False,,1652
Q41975,O22971,1,,False,,1653
Q41975,A0A178VQ81,1,,False,,1654
Q41975,O64686,1,,False,,1655
Q41975,Q94BZ4,1,,False,,1656
Q41975,Q3EBM6,1,,False,,1657
Q41975,AT2G08750,1,,False,,1658
Q41975,Q9ZQP6,1,,False,,1659
Q9SYF5,Q41975,1,,False,,166
Q41975,Q8S8K6,1,,False,,1660
Q41975,P30302,1,,False,,1661
Q41975,Q0WT19,1,,False,,1662
Q41975,O80940,1,,False,,1663
Q41975,O80943,1,,False,,1664
Q41975,O80912,1,,False,,1665
Q41975,AT2G08985,1,,False,,1666
Q41975,O80625,1,,False,,1667
Q41975,Q5S4V7,1,,False,,1668
Q41975,O80638,1,,False,,1669
Q8RY71,A0A178VRB0,1,,False,,167
Q41975,O48818,1,,False,,1670
Q41975,AT2G09100,1,,False,,1671
Q41975,O04211,1,,False,,1672
Q41975,P25071,1,,False,,1673
Q41975,F4IJY6,1,,False,,1674
Q41975,A0A1P8AXS6,1,,False,,1675
Q41975,A0A1P8B058,1,,False,,1676
Q41975,Q700W2,1,,False,,1677
Q41975,Q9SK55,1,,False,,1678
Q41975,AT2G09490,1,,False,,1679
F4HV65,O65719,1,,False,,168
Q41975,AT2G09510,1,,False,,1680
Q41975,O64864,1,,False,,1681
Q41975,O64645,1,,False,,1682
Q41975,P0CH01,1,,False,,1683
Q41975,AT2G09745,1,,False,,1684
Q41975,AT2G09805,1,,False,,1685
Q41975,O22893,1,,False,,1686
Q41975,Q94AX3,1,,False,,1687
Q41975,Q1PED2,1,,False,,1688
Q41975,A0A1P8B386,1,,False,,1689
F4HV65,Q03250,1,,False,,169
Q41975,O23066,1,,False,,1690
Q41975,A0A178UTR4,1,,False,,1691
Q41975,Q1G391,1,,False,,1692
Q41975,F4JG50,1,,False,,1693
Q41975,Q9ZSJ2,1,,False,,1694
Q41975,O81301,1,,False,,1695
Q41975,Q66GM9,1,,False,,1696
Q41975,Q9ZT95,1,,False,,1697
Q41975,AT4G04455,1,,False,,1698
Q41975,Q9SY38,1,,False,,1699
Q9LNE7,Q41975,1,,False,,17
F4HWY6,Q41975,1,,False,,170
Q41975,Q9XEB6,1,,False,,1700
Q41975,Q9M0Z9,1,,False,,1701
Q41975,Q9ZPH4,1,,False,,1702
Q41975,AT4G05065,1,,False,,1703
Q41975,A0A178UXQ0,1,,False,,1704
Q41975,Q9SUF1,1,,False,,1705
Q41975,Q9LDN9,1,,False,,1706
Q41975,Q9M0S8,1,,False,,1707
Q41975,Q84TI7,1,,False,,1708
Q41975,Q9ZSA8,1,,False,,1709
Q9FZ41,Q41975,1,,False,,171
Q41975,Q9SZY2,1,,False,,1710
Q41975,Q9T017,1,,False,,1711
Q41975,F4JP36,1,,False,,1712
Q41975,Q38838,1,,False,,1713
Q41975,Q9STH8,1,,False,,1714
Q41975,Q9STH1,1,,False,,1715
Q41975,Q39176,1,,False,,1716
Q41975,Q9SU33,1,,False,,1717
Q41975,A0A178V1C5_1,1,,False,,1718
Q41975,Q9SU32,1,,False,,1719
F4HYM3,Q41975,1,,False,,172
Q41975,Q0V809,1,,False,,1720
Q41975,Q1PE89,1,,False,,1721
Q41975,Q9T0K2,1,,False,,1722
Q41975,P0DKI5,1,,False,,1723
Q41975,AT4G14548,1,,False,,1724
Q41975,O23384,1,,False,,1725
Q41975,Q0WQ07,1,,False,,1726
Q41975,O23391,1,,False,,1727
Q41975,O23401,1,,False,,1728
Q41975,Q8LF65,1,,False,,1729
Q9C7M1,Q41975,1,,False,,173
Q41975,Q8VZJ2,1,,False,,1730
Q41975,O49505,1,,False,,1731
Q41975,AT4G06810,1,,False,,1732
Q41975,Q8GYP4,1,,False,,1733
Q41975,F4JU09,1,,False,,1734
Q41975,Q8GWL1,1,,False,,1735
Q41975,Q9LDR8,1,,False,,1736
Q41975,A0A178UXE6,1,,False,,1737
Q41975,Q93WT0,1,,False,,1738
Q41975,P82794,1,,False,,1739
A0A1P8ASI5,Q41975,1,,False,,174
Q41975,Q3E6U0,1,,False,,1740
Q41975,O49650,1,,False,,1741
Q41975,O49654,1,,False,,1742
Q41975,Q8GYA4,1,,False,,1743
Q41975,Q9SU50,1,,False,,1744
Q41975,Q9STW8,1,,False,,1745
Q41975,A0A384KTA5,1,,False,,1746
Q41975,O82794,1,,False,,1747
Q41975,Q9C5M8,1,,False,,1748
Q41975,Q8H1R2,1,,False,,1749
Q9C7J9,Q41975,1,,False,,175
Q41975,Q96331,1,,False,,1750
Q41975,A0A1P8B881,1,,False,,1751
Q41975,Q9STJ7,1,,False,,1752
Q41975,Q9M0L0,1,,False,,1753
Q41975,Q94AH9,1,,False,,1754
Q41975,Q9SVZ9,1,,False,,1755
Q41975,Q9T079,1,,False,,1756
Q41975,A0A178V1I8,1,,False,,1757
Q41975,Q9M0I2,1,,False,,1758
Q41975,O49445,1,,False,,1759
Q9FXB2,Q03250,1,,False,,176
Q41975,Q9FUJ2,1,,False,,1760
Q41975,P24806,1,,False,,1761
Q41975,Q9M0C3,1,,False,,1762
Q41975,A0A178V5T8,1,,False,,1763
Q41975,A0A178USH6,1,,False,,1764
Q41975,Q9M095,1,,False,,1765
Q41975,A0A178UT24,1,,False,,1766
Q41975,O82643,1,,False,,1767
Q41975,Q8RYD1,1,,False,,1768
Q41975,A0A178UT14,1,,False,,1769
F4I839,Q41975,1,,False,,177
Q41975,O81872,1,,False,,1770
Q41975,Q8L983,1,,False,,1771
Q41975,O23237,1,,False,,1772
Q41975,AT4G09415,1,,False,,1773
Q41975,Q9T072,1,,False,,1774
Q41975,Q9T073,1,,False,,1775
Q41975,A0A178V036,1,,False,,1776
Q41975,Q8LEP7,1,,False,,1777
Q41975,B3H4N6,1,,False,,1778
Q41975,P93309_1,1,,False,,1779
Q9C6R4,Q41975,1,,False,,178
Q41975,P56765,1,,False,,1780
Q41975,P62090,1,,False,,1781
Q41975,P26289,1,,False,,1782
Q41975,ATCG01180,1,,False,,1783
AT4G06705,Q03250,1,,False,,1784
F4JPX3,Q03250,1,,False,,1785
O49722,O65719,1,,False,,1786
O49722,Q03250,1,,False,,1787
O49505,Q41975,1,,False,,1788
AT4G06810,Q41975,1,,False,,1789
Q9XIF4,Q41975,1,,False,,179
Q8GYP4,Q41975,1,,False,,1790
O49465,Q03250,1,,False,,1791
O81862,Q03250,1,,False,,1792
F4JU09,Q41975,1,,False,,1793
Q8GWL1,Q41975,1,,False,,1794
Q9LDR8,Q41975,1,,False,,1795
A0A178UXE6,Q41975,1,,False,,1796
O49717,Q03250,1,,False,,1797
Q93WT0,Q41975,1,,False,,1798
P82794,Q41975,1,,False,,1799
Q9LNE3,Q41975,1,,False,,18
Q9XIE3,Q41975,1,,False,,180
Q3E6U0,Q41975,1,,False,,1800
Q9SUX2,Q03250,1,,False,,1801
O49650,Q41975,1,,False,,1802
O49654,Q41975,1,,False,,1803
Q8GYA4,Q41975,1,,False,,1804
Q5S4T6,Q03250,1,,False,,1805
Q570S7,A0A178VRB0,1,,False,,1806
Q9SU50,Q41975,1,,False,,1807
Q9STW8,Q41975,1,,False,,1808
A0A384KTA5,Q41975,1,,False,,1809
O80737,Q41975,1,,False,,181
O82794,Q41975,1,,False,,1810
Q9C5M8,Q41975,1,,False,,1811
Q8H1R2,Q41975,1,,False,,1812
Q96331,Q41975,1,,False,,1813
A0A1P8B881,Q41975,1,,False,,1814
Q9STJ7,Q41975,1,,False,,1815
Q9M0L0,Q41975,1,,False,,1816
Q94AH9,Q41975,1,,False,,1817
Q9SVZ9,Q41975,1,,False,,1818
Q9T079,Q41975,1,,False,,1819
O22693,Q03250,1,,False,,182
A0A178V1I8,Q41975,1,,False,,1820
Q9M0I2,Q41975,1,,False,,1821
O49445,Q41975,1,,False,,1822
A0A178V6H2,Q03250,1,,False,,1823
Q67Y55,A0A178VRB0,1,,False,,1824
Q67Y55,P30302,1,,False,,1825
Q9FUJ2,Q41975,1,,False,,1826
P24806,Q41975,1,,False,,1827
Q9M0C3,Q41975,1,,False,,1828
Q9M0C2,A0A178VRB0,1,,False,,1829
Q4PSY2,Q41975,1,,False,,183
A0A178V5T8,Q41975,1,,False,,1830
A0A178USH6,Q41975,1,,False,,1831
Q9M095,Q41975,1,,False,,1832
A0A178UT24,Q41975,1,,False,,1833
Q9SCX5,Q03250,1,,False,,1834
O82643,Q41975,1,,False,,1835
Q8RYD1,Q41975,1,,False,,1836
A0A178UT14,Q41975,1,,False,,1837
O81872,Q41975,1,,False,,1838
Q9FPH4,Q03250,1,,False,,1839
O22721,Q41975,1,,False,,184
Q8L983,Q41975,1,,False,,1840
A0A1P8B5T9,Q03250,1,,False,,1841
A0A178V5W7,Q03250,1,,False,,1842
O23237,Q41975,1,,False,,1843
AT4G09415,Q03250,1,,False,,1844
AT4G09415,Q41975,1,,False,,1845
Q38914,Q03250,1,,False,,1846
Q9T072,Q41975,1,,False,,1847
Q9T073,Q41975,1,,False,,1848
A0A178UUI1,A0A178VRB0,1,,False,,1849
A8MRV9,Q41975,1,,False,,185
A0A178V036,Q41975,1,,False,,1850
Q8LEP7,Q41975,1,,False,,1851
B3H4N6,Q41975,1,,False,,1852
P93309_1,A0A178VRB0,1,,False,,1853
P93309_1,Q41975,1,,False,,1854
P56765,Q41975,1,,False,,1855
P56788,A0A178VRB0,1,,False,,1856
P56774,A0A178VRB0,1,,False,,1857
P62090,Q41975,1,,False,,1858
P26289,Q41975,1,,False,,1859
Q5E930,Q41975,1,,False,,186
ATCG01180,A0A178VRB0,1,,False,,1860
ATCG01180,Q41975,1,,False,,1861
Q9SXE1,Q41975,1,,False,,187
F4HYV4,Q41975,1,,False,,188
F4HYV5,Q41975,1,,False,,189
AT1G04463,A0A178VRB0,1,,False,,19
F4I1Y9,A0A178VRB0,1,,False,,190
Q8LDN8,Q41975,1,,False,,191
Q9C8T8,Q03250,1,,False,,192
Q9SH42,Q41975,1,,False,,193
Q9CAC7,Q41975,1,,False,,194
Q4PSX8,Q41975,1,,False,,195
Q2V4F3,P30302,1,,False,,196
AT1G08667,A0A178VRB0,1,,False,,197
Q42059,Q41975,1,,False,,198
Q9SGU9,A0A178VRB0,1,,False,,199
Q9LMM0,Q41975,1,,False,,2
Q9LNW0,Q41975,1,,False,,20
Q9ZPJ8,Q41975,1,,False,,200
A0A1P8APL7,Q41975,1,,False,,201
Q9XIQ2,Q03250,1,,False,,202
Q9XIQ2,Q41975,1,,False,,203
Q9S777,Q41975,1,,False,,204
F4I9U8,Q41975,1,,False,,205
A0A1P8AR77,Q41975,1,,False,,206
AT1G08757,Q03250,1,,False,,207
Q1PFG4,Q03250,1,,False,,208
Q9SHY6,Q03250,1,,False,,209
Q9LNW3,Q03250,1,,False,,21
Q9SS00,Q41975,1,,False,,210
Q9SRZ4,Q41975,1,,False,,211
Q9SRZ2,A0A178VRB0,1,,False,,212
Q9SRZ2,Q41975,1,,False,,213
Q7X6Y7,Q41975,1,,False,,214
AT1G08847,A0A178VRB0,1,,False,,215
AT1G08847,Q41975,1,,False,,216
F4HQ23,Q41975,1,,False,,217
Q9FZI2,Q41975,1,,False,,218
B3H543,Q03250,1,,False,,219
F4HSD5,Q03250,1,,False,,22
A0A178WJH4,Q03250,1,,False,,220
A0A178WEM2,Q41975,1,,False,,221
Q9LE54,Q03250,1,,False,,222
AT1G09053,Q41975,1,,False,,223
AT1G09083,Q41975,1,,False,,224
Q8RX77,Q41975,1,,False,,225
Q84UU9,Q03250,1,,False,,226
Q9M9H0,Q41975,1,,False,,227
AT1G09287,Q41975,1,,False,,228
Q5XVG3,Q41975,1,,False,,229
Q9LQN6,Q41975,1,,False,,23
Q9FNX8,Q41975,1,,False,,230
AT1G09327,Q03250,1,,False,,231
Q9CAI1,Q41975,1,,False,,232
Q9CAT6,Q41975,1,,False,,233
Q8RXD5,Q41975,1,,False,,234
A0A178WCQ2,Q41975,1,,False,,235
AT1G09423,A0A178VRB0,1,,False,,236
AT1G09423,Q41975,1,,False,,237
AT1G74205,Q41975,1,,False,,238
AT1G09513,A0A178VRB0,1,,False,,239
Q9LQQ9,Q03250,1,,False,,24
AT1G09513,Q41975,1,,False,,240
Q9C9P9,Q41975,1,,False,,241
Q5XVF5,Q41975,1,,False,,242
Q9S851,Q03250,1,,False,,243
Q9SRE7,Q41975,1,,False,,244
Q9SQH6,Q03250,1,,False,,245
A0A178WNJ1,Q03250,1,,False,,246
Q9FVW9,Q41975,1,,False,,247
Q9CAR0,Q41975,1,,False,,248
Q5BPU6,A0A178VRB0,1,,False,,249
Q3EDG6,Q03250,1,,False,,25
Q8GYM1,Q41975,1,,False,,250
Q9ZVA5,Q41975,1,,False,,251
B6EXY6,Q41975,1,,False,,252
O64538,Q41975,1,,False,,253
A0A1P8ANS8,O65719,1,,False,,254
A0A1P8ANS8,Q03250,1,,False,,255
Q9M040,Q41975,1,,False,,256
Q9SDW0,Q41975,1,,False,,257
Q9M020,Q41975,1,,False,,258
A0A1P8BFF1,Q41975,1,,False,,259
Q9SGD1,Q41975,1,,False,,26
Q9LZX2,Q41975,1,,False,,260
Q9LZW0,A0A178VRB0,1,,False,,261
Q9LZW0,Q41975,1,,False,,262
A0A1P8BF18,Q41975,1,,False,,263
Q93WK5,Q41975,1,,False,,264
A0A178URA3,Q41975,1,,False,,265
Q9LZS0,Q41975,1,,False,,266
A0A1P8BH36,Q03250,1,,False,,267
F4KI56,Q41975,1,,False,,268
Q9FF79,Q41975,1,,False,,269
Q9FRR8,Q41975,1,,False,,27
Q9FLC8,Q03250,1,,False,,270
Q9FLC0,Q03250,1,,False,,271
O82132,Q41975,1,,False,,272
F4JZB9,Q03250,1,,False,,273
Q9LHS8,Q41975,1,,False,,274
AT5G01205,Q03250,1,,False,,275
Q9C5R8,A0A178VRB0,1,,False,,276
A0A178UA82,Q03250,1,,False,,277
A0A178UA82,Q41975,1,,False,,278
Q9FL48,Q41975,1,,False,,279
Q9XFR5,Q41975,1,,False,,28
Q8GZ53,Q41975,1,,False,,280
Q39112,Q03250,1,,False,,281
A0A178U9K3,Q41975,1,,False,,282
Q9FLS0,A0A178VRB0,1,,False,,283
Q9FLR1,A0A178VRB0,1,,False,,284
Q9SD85,Q41975,1,,False,,285
Q8L7B4,Q41975,1,,False,,286
Q9FNP0,Q41975,1,,False,,287
Q9LXC2,Q03250,1,,False,,288
Q9FIB2,Q41975,1,,False,,289
O80518,Q41975,1,,False,,29
Q8LD63,Q41975,1,,False,,290
F4KFG5,Q41975,1,,False,,291
Q9LX16,Q41975,1,,False,,292
AT5G01775,Q03250,1,,False,,293
Q94FL9,Q41975,1,,False,,294
P29830,Q41975,1,,False,,295
O81822,Q41975,1,,False,,296
Q84WM9,Q41975,1,,False,,297
A0A178UBW5,Q03250,1,,False,,298
Q94CL4,Q03250,1,,False,,299
Q84VV7,Q41975,1,,False,,3
Q9FUS8,Q41975,1,,False,,30
AT5G02105,Q03250,1,,False,,300
Q9LY94,A0A178VRB0,1,,False,,301
Q9LY94,Q41975,1,,False,,302
A0A178U7B6,Q41975,1,,False,,303
A0A1P8BB23,Q41975,1,,False,,304
Q9LXF3,Q41975,1,,False,,305
Q9LXE7,Q41975,1,,False,,306
Q39057,Q03250,1,,False,,307
P18612,Q41975,1,,False,,308
F4KFK3,Q03250,1,,False,,309
Q8LC45,Q41975,1,,False,,31
F4KGY6,Q41975,1,,False,,310
Q9FKP1,Q03250,1,,False,,311
Q9FJG5,Q41975,1,,False,,312
Q9FK42,Q41975,1,,False,,313
Q8LBI9,Q03250,1,,False,,314
Q3E9D5,Q41975,1,,False,,315
F4K2L4,A0A178VRB0,1,,False,,316
Q9SCV5,Q03250,1,,False,,317
O23115,Q41975,1,,False,,318
Q5XV37,Q41975,1,,False,,319
Q45GQ7,Q03250,1,,False,,32
A0A384L1G6,Q41975,1,,False,,320
AT5G03375,Q41975,1,,False,,321
Q9C568,Q03250,1,,False,,322
Q9FMQ5,A0A178VRB0,1,,False,,323
Q9FMQ5,Q41975,1,,False,,324
Q39152,Q41975,1,,False,,325
F4K9X6,Q03250,1,,False,,326
Q9FNK0,Q03250,1,,False,,327
Q9FFC2,Q41975,1,,False,,328
Q9FMX3,A0A178VRB0,1,,False,,329
O04090,Q41975,1,,False,,33
F4KEA4,Q41975,1,,False,,330
B3H6V9,Q41975,1,,False,,331
A0A178U9Q7,Q41975,1,,False,,332
Q6LA42,Q41975,1,,False,,333
O82122,Q03250,1,,False,,334
O49195,Q03250,1,,False,,335
Q6NKZ8,Q41975,1,,False,,336
Q8W1D5,Q41975,1,,False,,337
AT5G03965,Q41975,1,,False,,338
Q8GY54,Q41975,1,,False,,339
O04089,Q41975,1,,False,,34
AT5G04665,A0A178VRB0,1,,False,,340
AT5G04665,Q41975,1,,False,,341
Q6IDP7,Q41975,1,,False,,342
Q949R3,A0A178VRB0,1,,False,,343
A0A178U9T0,Q03250,1,,False,,344
F4K5X6,Q03250,1,,False,,345
C0LGU1,Q03250,1,,False,,346
Q9FG42,Q03250,1,,False,,347
F4K8L9,Q41975,1,,False,,348
Q8W036,Q41975,1,,False,,349
F4I8W6,Q41975,1,,False,,35
A0A1P8BCV7,Q03250,1,,False,,350
Q9FKN2,Q41975,1,,False,,351
AT5G05785,Q41975,1,,False,,352
Q9FKR0,P30302,1,,False,,353
Q9FID8,Q41975,1,,False,,354
Q9FID6,Q41975,1,,False,,355
Q9FIC8,A0A178VRB0,1,,False,,356
Q9FIC8,Q41975,1,,False,,357
Q9FLY6,Q41975,1,,False,,358
Q9FLE2,Q41975,1,,False,,359
F4IAL1,Q41975,1,,False,,36
Q9FLM6,A0A178VRB0,1,,False,,360
Q9FLM1,Q41975,1,,False,,361
Q9FN69,Q41975,1,,False,,362
A0MFL4,Q41975,1,,False,,363
A0A1P8BEK1,Q41975,1,,False,,364
Q9FHY0,Q03250,1,,False,,365
Q9FHY0,Q41975,1,,False,,366
F4K1I5,Q41975,1,,False,,367
Q9FJV8,Q41975,1,,False,,368
Q96242,Q41975,1,,False,,369
AT1G04927,Q03250,1,,False,,37
A0A1P8BDN2,Q41975,1,,False,,370
Q8L8T7,Q03250,1,,False,,371
Q9FMH4,A0A178VRB0,1,,False,,372
A0A1P8BFL1,Q03250,1,,False,,373
Q3E7L7,Q41975,1,,False,,374
Q9FIY7,Q41975,1,,False,,375
Q9FIY6,Q41975,1,,False,,376
Q9XF19,Q41975,1,,False,,377
Q9FKU8,Q03250,1,,False,,378
Q9FI25,Q41975,1,,False,,379
F4IDV3,Q03250,1,,False,,38
A8MS31,Q41975,1,,False,,380
Q8GWN6,Q03250,1,,False,,381
Q8GWN6,Q41975,1,,False,,382
Q8GZ89,Q41975,1,,False,,383
Q9FK78,Q41975,1,,False,,384
Q9FJ55,Q41975,1,,False,,385
Q9FJ45,A0A178VRB0,1,,False,,386
Q8LET2,Q41975,1,,False,,387
Q6DBD7,A0A178VRB0,1,,False,,388
Q6DBD7,Q41975,1,,False,,389
F4IDV3,Q41975,1,,False,,39
A0MFM6,Q03250,1,,False,,390
AT5G06885,Q41975,1,,False,,391
F4KIX1,Q03250,1,,False,,392
Q9FGL2,Q41975,1,,False,,393
Q8L7D5,Q41975,1,,False,,394
Q9FI37,Q03250,1,,False,,395
Q9FI31,Q03250,1,,False,,396
Q9LV60,Q41975,1,,False,,397
Q9FJL3,Q41975,1,,False,,398
AT5G49138,Q03250,1,,False,,399
A0A178WJA3,A0A178VRB0,1,,False,,4
Q8LCI3,Q41975,1,,False,,40
Q9FH21,Q41975,1,,False,,400
Q00917,Q41975,1,,False,,401
Q9FJ06,Q41975,1,,False,,402
Q5MAU8,Q41975,1,,False,,403
Q9FGN8,Q41975,1,,False,,404
F4KBY8,Q41975,1,,False,,405
Q9FHN4,Q41975,1,,False,,406
Q9FJ90,Q41975,1,,False,,407
Q9LTJ6,Q41975,1,,False,,408
F4KG50,Q03250,1,,False,,409
Q9FX60,Q03250,1,,False,,41
Q9FHC8,Q41975,1,,False,,410
Q9FHC1,Q03250,1,,False,,411
P27323,Q41975,1,,False,,412
Q6NQN5,A0A178VRB0,1,,False,,413
Q6NQN5,Q41975,1,,False,,414
Q9FK12,Q41975,1,,False,,415
Q9FHZ4,Q03250,1,,False,,416
Q9FN34,Q41975,1,,False,,417
F4JYT5,Q03250,1,,False,,418
Q9FL70,Q41975,1,,False,,419
Q9FX60,Q41975,1,,False,,42
Q6NLH4,Q41975,1,,False,,420
Q8GYV1,Q41975,1,,False,,421
F4K1T9,Q41975,1,,False,,422
Q5XF78,Q03250,1,,False,,423
AT5G08495,Q03250,1,,False,,424
Q9FE63,Q41975,1,,False,,425
Q9LU77,Q41975,1,,False,,426
Q8GWP9,Q41975,1,,False,,427
Q9FGT7,Q41975,1,,False,,428
Q94AT2,Q41975,1,,False,,429
AT1G13448,Q41975,1,,False,,43
AT5G58595,Q03250,1,,False,,430
A0A178UJA7,Q03250,1,,False,,431
Q9FIF5,Q41975,1,,False,,432
Q9LTH2,Q41975,1,,False,,433
A0A1P8BH47,Q41975,1,,False,,434
Q9LVG8,Q41975,1,,False,,435
Q9LVG4,Q41975,1,,False,,436
Q9LST3,Q41975,1,,False,,437
Q38876,Q41975,1,,False,,438
Q9FLK4,Q41975,1,,False,,439
AT1G05017,A0A178VRB0,1,,False,,44
Q9FKH0,Q41975,1,,False,,440
Q8L7R8,Q03250,1,,False,,441
AT5G09020,Q03250,1,,False,,442
AT5G09020,Q41975,1,,False,,443
A0A1P8BG95,Q41975,1,,False,,444
F4K529,Q41975,1,,False,,445
F4K553,Q03250,1,,False,,446
Q9FIS1,Q41975,1,,False,,447
Q9FM20,A0A178VRB0,1,,False,,448
Q9FM20,Q41975,1,,False,,449
Q9XI72,Q41975,1,,False,,45
AT5G09125,Q41975,1,,False,,450
Q9FFQ7,Q41975,1,,False,,451
B2GVM7,Q03250,1,,False,,452
Q9FFN9,Q03250,1,,False,,453
Q8VYI9,Q41975,1,,False,,454
A8MQN2,Q41975,1,,False,,455
Q9FMG6,Q41975,1,,False,,456
Q9FGF1,Q41975,1,,False,,457
Q93WU9,Q41975,1,,False,,458
Q9LV88,Q41975,1,,False,,459
Q9XI67,Q41975,1,,False,,46
Q9LV80,Q41975,1,,False,,460
Q9FJQ5,Q03250,1,,False,,461
Q37001,Q41975,1,,False,,462
Q9FKY4,Q41975,1,,False,,463
Q67ZW1,Q41975,1,,False,,464
Q9FKW8,Q41975,1,,False,,465
Q9FJZ3,Q41975,1,,False,,466
Q9FL02,Q03250,1,,False,,467
Q9FL02,Q41975,1,,False,,468
AT3G01045,Q41975,1,,False,,469
Q3EDC6,Q41975,1,,False,,47
Q9SGI8,A0A178VRB0,1,,False,,470
Q9S839,Q41975,1,,False,,471
Q96305,Q41975,1,,False,,472
Q9SRU3,Q03250,1,,False,,473
Q9M880,Q41975,1,,False,,474
Q84J95,Q03250,1,,False,,475
Q9SCW5,Q41975,1,,False,,476
Q9SRW1,A0A178VRB0,1,,False,,477
Q6NMM4,A0A178VRB0,1,,False,,478
F4J3L8,Q41975,1,,False,,479
Q9LQW3,A0A178VRB0,1,,False,,48
Q6S491,Q41975,1,,False,,480
AT3G05152,Q03250,1,,False,,481
AT3G01635,A0A178VRB0,1,,False,,482
AT3G01635,Q41975,1,,False,,483
Q9M9W9,Q41975,1,,False,,484
AT3G06962,Q41975,1,,False,,485
A0A1I9LNF2,Q03250,1,,False,,486
Q9SSE5,Q41975,1,,False,,487
Q9S7W4,Q41975,1,,False,,488
Q9SR86,Q03250,1,,False,,489
Q8H0Z4,Q41975,1,,False,,49
O65719,Q9LNI5,1,,False,,490
O65719,A0A178WGQ1,1,,False,,491
O65719,F4HV65,1,,False,,492
O65719,A0A1P8ANS8,1,,False,,493
O65719,Q9LUT4,1,,False,,494
O65719,Q9LH84,1,,False,,495
O65719,A0A1I9LQX0,1,,False,,496
O65719,Q9SN89,1,,False,,497
O65719,AT3G08240,1,,False,,498
O65719,AT2G07495,1,,False,,499
A0A178WAU2,Q41975,1,,False,,5
AT1G05153,Q03250,1,,False,,50
O65719,Q8S8L1,1,,False,,500
O65719,Q41975,1,,False,,501
O65719,O49722,1,,False,,502
Q1PER6,Q41975,1,,False,,503
Q39256,A0A178VRB0,1,,False,,504
Q39256,Q41975,1,,False,,505
B3H7G1,Q41975,1,,False,,506
F4J2K4,Q41975,1,,False,,507
A0A384L851,Q41975,1,,False,,508
O82133,Q41975,1,,False,,509
A0A1P8AQK1,Q41975,1,,False,,51
Q9CAY6,Q41975,1,,False,,510
F4J7G2,Q03250,1,,False,,511
A0A1I9LQT8,Q03250,1,,False,,512
A0A384KER0,Q03250,1,,False,,513
Q9LJF1,A0A178VRB0,1,,False,,514
Q9LJF1,Q41975,1,,False,,515
Q66GI2,Q41975,1,,False,,516
Q9LIB9,Q03250,1,,False,,517
Q9LUE0,Q41975,1,,False,,518
A0A384L6K0,Q41975,1,,False,,519
Q39103,Q41975,1,,False,,52
Q9LW80,Q41975,1,,False,,520
Q3EB59,Q41975,1,,False,,521
Q9LU15,Q41975,1,,False,,522
O04318,Q41975,1,,False,,523
O04313,Q41975,1,,False,,524
O04311,Q41975,1,,False,,525
Q9LUT4,O65719,1,,False,,526
Q9LUT4,Q03250,1,,False,,527
Q8RWC9,Q41975,1,,False,,528
Q9LSH2,Q03250,1,,False,,529
F4I177,Q41975,1,,False,,53
Q9LHN5,Q41975,1,,False,,530
Q9LHN2,Q41975,1,,False,,531
F4J9X3,Q03250,1,,False,,532
Q6PUA2,Q41975,1,,False,,533
Q9LT82,Q03250,1,,False,,534
Q9LT67,Q41975,1,,False,,535
Q9LJY7,Q41975,1,,False,,536
A0A384KN90,Q41975,1,,False,,537
Q9LJU0,Q03250,1,,False,,538
Q1PEN8,Q03250,1,,False,,539
Q9SA32,Q41975,1,,False,,54
Q9LT48,Q03250,1,,False,,540
Q8RWR1,Q41975,1,,False,,541
A0A384KH04,Q41975,1,,False,,542
F4IXJ9,Q41975,1,,False,,543
Q9LVF4,Q41975,1,,False,,544
Q8LAX0,Q41975,1,,False,,545
Q9LUH8,Q03250,1,,False,,546
Q94ID1,Q41975,1,,False,,547
AT3G04615,Q41975,1,,False,,548
Q94K36,Q41975,1,,False,,549
Q9SA47,Q41975,1,,False,,55
Q9LSG4,Q41975,1,,False,,550
Q9LSF1,Q41975,1,,False,,551
Q9LTL0,Q41975,1,,False,,552
Q9LIM9,Q41975,1,,False,,553
Q9LW27,Q41975,1,,False,,554
Q9LI89,Q41975,1,,False,,555
Q9LTZ0,Q03250,1,,False,,556
Q42431,Q41975,1,,False,,557
AT3G27884,Q03250,1,,False,,558
Q9LII9,Q03250,1,,False,,559
Q9SA51,Q03250,1,,False,,56
Q9LSJ5,Q03250,1,,False,,560
Q9LH84,O65719,1,,False,,561
Q9LH84,P92983,1,,False,,562
Q9LH84,Q41975,1,,False,,563
A0A384L5A7,A0A178VRB0,1,,False,,564
A0A384L5A7,Q41975,1,,False,,565
Q9LHA1,Q41975,1,,False,,566
A0MEZ2,Q41975,1,,False,,567
A0A1I9LQX0,O65719,1,,False,,568
A0A1I9LQX0,Q41975,1,,False,,569
Q9FE54,Q41975,1,,False,,57
Q9LIA0,Q41975,1,,False,,570
AT3G05955,Q41975,1,,False,,571
Q7X9H6,Q03250,1,,False,,572
Q3E7K4,Q03250,1,,False,,573
P92983,Q9LH84,1,,False,,574
P92983,AT2G07495,1,,False,,575
P92983,Q41975,1,,False,,576
Q7PC85,Q03250,1,,False,,577
Q9LHR4,Q41975,1,,False,,578
A0MDR2,A0A178VRB0,1,,False,,579
Q39224,Q41975,1,,False,,58
P32962,Q41975,1,,False,,580
Q2V3R1,Q41975,1,,False,,581
Q9M280,Q41975,1,,False,,582
Q9M1V1,Q41975,1,,False,,583
Q1G1A4,Q03250,1,,False,,584
Q94KB9,A0A178VRB0,1,,False,,585
AT3G45638,Q41975,1,,False,,586
F4J6S4,Q41975,1,,False,,587
Q9LZU4,Q41975,1,,False,,588
Q9LZT5,Q03250,1,,False,,589
A0A178WBQ2,Q41975,1,,False,,59
Q8GY65,Q03250,1,,False,,590
P19036,Q41975,1,,False,,591
AT3G07365,Q41975,1,,False,,592
A0A1I9LPN5,Q41975,1,,False,,593
Q6IM86,Q03250,1,,False,,594
Q9SD62,Q41975,1,,False,,595
P49078,Q03250,1,,False,,596
AT3G07725,Q03250,1,,False,,597
Q9SN89,O65719,1,,False,,598
Q9SN89,Q41975,1,,False,,599
Q43383,Q41975,1,,False,,6
Q9SHH6,Q41975,1,,False,,60
Q9STT7,Q41975,1,,False,,600
Q8LPK0,Q41975,1,,False,,601
Q9SMP6,Q41975,1,,False,,602
Q9SMU8,Q03250,1,,False,,603
Q9SCK2,Q41975,1,,False,,604
Q9SCK1,Q41975,1,,False,,605
Q9SN06,Q03250,1,,False,,606
A0A178VDD8,Q41975,1,,False,,607
F4J0K7,A0A178VRB0,1,,False,,608
A0A384KU05,Q41975,1,,False,,609
Q9SHH7,Q03250,1,,False,,61
Q9M2R9,Q41975,1,,False,,610
Q8S9K8,A0A178VRB0,1,,False,,611
Q8LC79,Q41975,1,,False,,612
Q9SV12,Q41975,1,,False,,613
AT3G08215,Q03250,1,,False,,614
AT3G08215,Q41975,1,,False,,615
AT3G08240,O65719,1,,False,,616
AT3G08240,Q03250,1,,False,,617
AT3G08245,Q41975,1,,False,,618
Q0WPI9,Q41975,1,,False,,619
A0A178WGQ1,O65719,1,,False,,62
Q9LFI1,Q41975,1,,False,,620
AT3G53365,Q41975,1,,False,,621
AT3G08360,Q03250,1,,False,,622
A0A1I9LSN5,Q41975,1,,False,,623
AT3G08370,Q41975,1,,False,,624
Q9M1I2,Q41975,1,,False,,625
Q9SV31,Q41975,1,,False,,626
Q9M2S9,Q03250,1,,False,,627
Q9M050,Q41975,1,,False,,628
Q9FPR6,Q41975,1,,False,,629
A0A178WGQ1,P30302,1,,False,,63
F4J0R7,Q41975,1,,False,,630
Q9LER9,Q41975,1,,False,,631
Q5Q0C3,Q41975,1,,False,,632
Q94A08,Q41975,1,,False,,633
Q9M2Q2,Q41975,1,,False,,634
Q9M2H8,Q41975,1,,False,,635
Q9LX44,A0A178VRB0,1,,False,,636
Q9LX44,Q41975,1,,False,,637
Q9LX26,Q41975,1,,False,,638
A0A1I9LQ55,Q41975,1,,False,,639
Q9LN16,Q41975,1,,False,,64
Q9LEA3,Q41975,1,,False,,640
Q5BPM6,Q03250,1,,False,,641
Q9M1C7,Q03250,1,,False,,642
A0MF36,A0A178VRB0,1,,False,,643
F4JD14,Q03250,1,,False,,644
AT3G60972,Q03250,1,,False,,645
Q5Q0C1,Q41975,1,,False,,646
Q8GZ84,Q41975,1,,False,,647
Q9SLP1,Q41975,1,,False,,648
Q9M271,Q41975,1,,False,,649
Q9FZ66,Q41975,1,,False,,65
Q6NLP7,Q41975,1,,False,,650
A0A178VHT8,A0A178VRB0,1,,False,,651
A0A178VHT8,Q41975,1,,False,,652
Q9LYC8,Q41975,1,,False,,653
Q9LYC3,Q03250,1,,False,,654
Q3EC92,Q41975,1,,False,,655
Q52K81,Q41975,1,,False,,656
Q9ZNU5,Q03250,1,,False,,657
AT2G04075,Q03250,1,,False,,658
Q9ZPS3,Q41975,1,,False,,659
Q9FZ62,A0A178VRB0,1,,False,,66
Q41914,Q03250,1,,False,,660
Q9ZVP8,Q41975,1,,False,,661
A0A1P8AXS8,Q03250,1,,False,,662
A0A1P8AXS8,Q41975,1,,False,,663
AT2G04335,A0A178VRB0,1,,False,,664
AT2G04335,Q41975,1,,False,,665
AT2G04465,Q41975,1,,False,,666
O80622,Q03250,1,,False,,667
Q9SI53,Q41975,1,,False,,668
Q6ID76,Q41975,1,,False,,669
Q8GZ13,Q41975,1,,False,,67
Q8W246,A0A178VRB0,1,,False,,670
Q9SIA5,Q03250,1,,False,,671
Q9SIA4,Q03250,1,,False,,672
Q9SIA3,Q03250,1,,False,,673
Q27GL4,Q41975,1,,False,,674
Q2V492,Q03250,1,,False,,675
F4INE6,Q03250,1,,False,,676
AT2G05665,Q41975,1,,False,,677
AT2G05705,A0A178VRB0,1,,False,,678
A0A1P8AXQ6,Q03250,1,,False,,679
Q3E7S2,Q41975,1,,False,,68
A0A1P8AXQ6,Q41975,1,,False,,680
AT2G15128,Q41975,1,,False,,681
Q9SJP7,Q41975,1,,False,,682
Q7Y232,Q03250,1,,False,,683
Q9XIL1,Q41975,1,,False,,684
AT2G06475,Q41975,1,,False,,685
Q9XIL9,Q41975,1,,False,,686
AT2G06995,Q41975,1,,False,,687
Q9SHK9,Q03250,1,,False,,688
Q9SI16,Q03250,1,,False,,689
AT1G05463,Q03250,1,,False,,69
Q9ZPV9,Q41975,1,,False,,690
Q9ZNQ8,Q41975,1,,False,,691
Q9ZNS0,Q41975,1,,False,,692
Q9ZV49,Q41975,1,,False,,693
O82200,Q41975,1,,False,,694
A0A1P8B2C0,Q03250,1,,False,,695
Q7X8U5,Q41975,1,,False,,696
Q9SKQ0,Q41975,1,,False,,697
A0A178VYM0,Q03250,1,,False,,698
Q9SIJ6,Q41975,1,,False,,699
Q9ZWA4,Q03250,1,,False,,7
Q9LN66,Q03250,1,,False,,70
Q03250,Q9ZWA4,1,,False,,700
Q03250,P0DI10_1,1,,False,,701
Q03250,Q9SYK9,1,,False,,702
Q03250,Q9LNW3,1,,False,,703
Q03250,F4HSD5,1,,False,,704
Q03250,Q9LQQ9,1,,False,,705
Q03250,Q3EDG6,1,,False,,706
Q03250,Q45GQ7,1,,False,,707
Q03250,AT1G04927,1,,False,,708
Q03250,F4IDV3,1,,False,,709
Q93WK6,Q41975,1,,False,,71
Q03250,Q9FX60,1,,False,,710
Q03250,AT1G05153,1,,False,,711
Q03250,Q9SA51,1,,False,,712
Q03250,Q9SHH7,1,,False,,713
Q03250,AT1G05463,1,,False,,714
Q03250,Q9LN66,1,,False,,715
Q03250,Q9SYN8,1,,False,,716
Q03250,F4HZT2,1,,False,,717
Q03250,O49298,1,,False,,718
Q03250,AT1G26233,1,,False,,719
Q9LMV9,A0A178VRB0,1,,False,,72
Q03250,F4I337,1,,False,,720
Q03250,F4I352,1,,False,,721
Q03250,P0DN99,1,,False,,722
Q03250,A0A178WL27,1,,False,,723
Q03250,F4HPH2,1,,False,,724
Q03250,F4HR92,1,,False,,725
Q03250,Q4PT07,1,,False,,726
Q03250,Q8LCE4,1,,False,,727
Q03250,Q9C7I9,1,,False,,728
Q03250,A0A1P8APK5,1,,False,,729
Q9LMV9,Q41975,1,,False,,73
Q03250,Q6X7J9,1,,False,,730
Q03250,A0A178WFX1,1,,False,,731
Q03250,A0A178W0F5,1,,False,,732
Q03250,AT1G07367,1,,False,,733
Q03250,Q9C7Z5,1,,False,,734
Q03250,Q9C748,1,,False,,735
Q03250,Q9C749,1,,False,,736
Q03250,A0A178W2S0,1,,False,,737
Q03250,P0C034,1,,False,,738
Q03250,Q56W21,1,,False,,739
F4HUN4,Q41975,1,,False,,74
Q03250,Q9C684,1,,False,,740
Q03250,Q9C8K5,1,,False,,741
Q03250,AT1G07757,1,,False,,742
Q03250,A0A1P8AQT5,1,,False,,743
Q03250,F4HV65,1,,False,,744
Q03250,Q9FXB2,1,,False,,745
Q03250,O22693,1,,False,,746
Q03250,Q9C8T8,1,,False,,747
Q03250,Q9XIQ2,1,,False,,748
Q03250,AT1G08757,1,,False,,749
Q9SYN8,Q03250,1,,False,,75
Q03250,Q1PFG4,1,,False,,750
Q03250,Q9SHY6,1,,False,,751
Q03250,B3H543,1,,False,,752
Q03250,A0A178WJH4,1,,False,,753
Q03250,Q9LE54,1,,False,,754
Q03250,Q84UU9,1,,False,,755
Q03250,AT1G09327,1,,False,,756
Q03250,Q9S851,1,,False,,757
Q03250,Q9SQH6,1,,False,,758
Q03250,A0A178WNJ1,1,,False,,759
Q9LPU8,A0A178VRB0,1,,False,,76
Q03250,A0A1P8ANS8,1,,False,,760
Q03250,A0A1P8BH36,1,,False,,761
Q03250,Q9FLC8,1,,False,,762
Q03250,Q9FLC0,1,,False,,763
Q03250,F4JZB9,1,,False,,764
Q03250,AT5G01205,1,,False,,765
Q03250,A0A178UA82,1,,False,,766
Q03250,Q39112,1,,False,,767
Q03250,Q9LXC2,1,,False,,768
Q03250,AT5G01775,1,,False,,769
Q9LMP5,Q41975,1,,False,,77
Q03250,A0A178UBW5,1,,False,,770
Q03250,Q94CL4,1,,False,,771
Q03250,AT5G02105,1,,False,,772
Q03250,Q39057,1,,False,,773
Q03250,F4KFK3,1,,False,,774
Q03250,Q9FKP1,1,,False,,775
Q03250,Q8LBI9,1,,False,,776
Q03250,Q9SCV5,1,,False,,777
Q03250,Q9C568,1,,False,,778
Q03250,F4K9X6,1,,False,,779
Q8L9J7,A0A178VRB0,1,,False,,78
Q03250,Q9FNK0,1,,False,,780
Q03250,O82122,1,,False,,781
Q03250,O49195,1,,False,,782
Q03250,A0A178U9T0,1,,False,,783
Q03250,F4K5X6,1,,False,,784
Q03250,C0LGU1,1,,False,,785
Q03250,Q9FG42,1,,False,,786
Q03250,A0A1P8BCV7,1,,False,,787
Q03250,Q9FHY0,1,,False,,788
Q03250,Q8L8T7,1,,False,,789
F4HZT2,Q03250,1,,False,,79
Q03250,A0A1P8BFL1,1,,False,,790
Q03250,Q9FKU8,1,,False,,791
Q03250,Q8GWN6,1,,False,,792
Q03250,A0MFM6,1,,False,,793
Q03250,F4KIX1,1,,False,,794
Q03250,Q9FI37,1,,False,,795
Q03250,Q9FI31,1,,False,,796
Q03250,AT5G49138,1,,False,,797
Q03250,F4KG50,1,,False,,798
Q03250,Q9FHC1,1,,False,,799
AT1G04223,A0A178VRB0,1,,False,,8
Q8VY80,Q41975,1,,False,,80
Q03250,Q9FHZ4,1,,False,,800
Q03250,F4JYT5,1,,False,,801
Q03250,Q5XF78,1,,False,,802
Q03250,AT5G08495,1,,False,,803
Q03250,AT5G58595,1,,False,,804
Q03250,A0A178UJA7,1,,False,,805
Q03250,Q8L7R8,1,,False,,806
Q03250,AT5G09020,1,,False,,807
Q03250,F4K553,1,,False,,808
Q03250,B2GVM7,1,,False,,809
F4I1A6,Q41975,1,,False,,81
Q03250,Q9FFN9,1,,False,,810
Q03250,Q9FJQ5,1,,False,,811
Q03250,Q9FL02,1,,False,,812
Q03250,Q9SRU3,1,,False,,813
Q03250,Q84J95,1,,False,,814
Q03250,AT3G05152,1,,False,,815
Q03250,A0A1I9LNF2,1,,False,,816
Q03250,Q9SR86,1,,False,,817
Q03250,F4J7G2,1,,False,,818
Q03250,A0A1I9LQT8,1,,False,,819
AT1G05753,Q41975,1,,False,,82
Q03250,A0A384KER0,1,,False,,820
Q03250,Q9LIB9,1,,False,,821
Q03250,Q9LUT4,1,,False,,822
Q03250,Q9LSH2,1,,False,,823
Q03250,F4J9X3,1,,False,,824
Q03250,Q9LT82,1,,False,,825
Q03250,Q9LJU0,1,,False,,826
Q03250,Q1PEN8,1,,False,,827
Q03250,Q9LT48,1,,False,,828
Q03250,Q9LUH8,1,,False,,829
Q9SQI2,Q41975,1,,False,,83
Q03250,Q9LTZ0,1,,False,,830
Q03250,AT3G27884,1,,False,,831
Q03250,Q9LII9,1,,False,,832
Q03250,Q9LSJ5,1,,False,,833
Q03250,Q7X9H6,1,,False,,834
Q03250,Q3E7K4,1,,False,,835
Q03250,Q7PC85,1,,False,,836
Q03250,Q1G1A4,1,,False,,837
Q03250,Q9LZT5,1,,False,,838
Q03250,Q8GY65,1,,False,,839
A0JQ18,Q41975,1,,False,,84
Q03250,Q6IM86,1,,False,,840
Q03250,P49078,1,,False,,841
Q03250,AT3G07725,1,,False,,842
Q03250,Q9SMU8,1,,False,,843
Q03250,Q9SN06,1,,False,,844
Q03250,AT3G08215,1,,False,,845
Q03250,AT3G08240,1,,False,,846
Q03250,AT3G08360,1,,False,,847
Q03250,Q9M2S9,1,,False,,848
Q03250,Q5BPM6,1,,False,,849
O49298,Q03250,1,,False,,85
Q03250,Q9M1C7,1,,False,,850
Q03250,F4JD14,1,,False,,851
Q03250,AT3G60972,1,,False,,852
Q03250,Q9LYC3,1,,False,,853
Q03250,Q9ZNU5,1,,False,,854
Q03250,AT2G04075,1,,False,,855
Q03250,Q41914,1,,False,,856
Q03250,A0A1P8AXS8,1,,False,,857
Q03250,O80622,1,,False,,858
Q03250,Q9SIA5,1,,False,,859
AT1G24068,Q41975,1,,False,,86
Q03250,Q9SIA4,1,,False,,860
Q03250,Q9SIA3,1,,False,,861
Q03250,Q2V492,1,,False,,862
Q03250,F4INE6,1,,False,,863
Q03250,A0A1P8AXQ6,1,,False,,864
Q03250,Q7Y232,1,,False,,865
Q03250,Q9SHK9,1,,False,,866
Q03250,Q9SI16,1,,False,,867
Q03250,A0A1P8B2C0,1,,False,,868
Q03250,A0A178VYM0,1,,False,,869
A2RVM1,Q41975,1,,False,,87
Q03250,Q3EBW2,1,,False,,870
Q03250,O82225,1,,False,,871
Q03250,Q8VYI6,1,,False,,872
Q03250,Q8S8L1,1,,False,,873
Q03250,Q9ZUW5,1,,False,,874
Q03250,Q9ZW21,1,,False,,875
Q03250,O49325,1,,False,,876
Q03250,AT2G08580,1,,False,,877
Q03250,O80770,1,,False,,878
Q03250,Q0PGJ6,1,,False,,879
Q9FYL1,Q41975,1,,False,,88
Q03250,A0A178VRZ9,1,,False,,880
Q03250,O80959,1,,False,,881
Q03250,Q1PEV9,1,,False,,882
Q03250,Q9SIZ6,1,,False,,883
Q03250,AT2G09505,1,,False,,884
Q03250,O23077,1,,False,,885
Q03250,Q3E7R1,1,,False,,886
Q03250,AT4G04465,1,,False,,887
Q03250,A8MQG6,1,,False,,888
Q03250,Q9XEC3,1,,False,,889
AT1G26233,Q03250,1,,False,,89
Q03250,Q9ZPH4,1,,False,,890
Q03250,Q9S9T4,1,,False,,891
Q03250,Q9LDS6,1,,False,,892
Q03250,P50700,1,,False,,893
Q03250,AT4G05945,1,,False,,894
Q03250,Q9SU34,1,,False,,895
Q03250,Q0V809,1,,False,,896
Q03250,Q9T0J9,1,,False,,897
Q03250,O23267,1,,False,,898
Q03250,Q94K66,1,,False,,899
AT1G04223,Q41975,1,,False,,9
Q9S7P4,A0A178VRB0,1,,False,,90
Q03250,F4JK75,1,,False,,900
Q03250,AT4G06340,1,,False,,901
Q03250,Q41975,1,,False,,902
Q03250,AT4G06705,1,,False,,903
Q03250,F4JPX3,1,,False,,904
Q03250,O49722,1,,False,,905
Q03250,O49465,1,,False,,906
Q03250,O81862,1,,False,,907
Q03250,O49717,1,,False,,908
Q03250,Q9SUX2,1,,False,,909
Q9FZ91,Q41975,1,,False,,91
Q03250,Q5S4T6,1,,False,,910
Q03250,A0A178V6H2,1,,False,,911
Q03250,Q9SCX5,1,,False,,912
Q03250,Q9FPH4,1,,False,,913
Q03250,A0A1P8B5T9,1,,False,,914
Q03250,A0A178V5W7,1,,False,,915
Q03250,AT4G09415,1,,False,,916
Q03250,Q38914,1,,False,,917
AT2G07495,O65719,1,,False,,918
AT2G07495,P92983,1,,False,,919
Q9FZ93,Q41975,1,,False,,92
AT2G07495,P30302,1,,False,,920
Q8LF43,A0A178VRB0,1,,False,,921
Q9SJY8,Q41975,1,,False,,922
Q3EBW2,Q03250,1,,False,,923
O64815,Q41975,1,,False,,924
Q1PF13,Q41975,1,,False,,925
O80458,Q41975,1,,False,,926
O64838,Q41975,1,,False,,927
O82225,Q03250,1,,False,,928
O82225,Q41975,1,,False,,929
A0A1P8AUP1,Q41975,1,,False,,93
Q8VYI6,Q03250,1,,False,,930
Q8VYI6,Q41975,1,,False,,931
Q9ZUH9,Q41975,1,,False,,932
Q8S8L1,O65719,1,,False,,933
Q8S8L1,Q03250,1,,False,,934
Q9SK52,Q41975,1,,False,,935
O48719,Q41975,1,,False,,936
A0A178VPT1,Q41975,1,,False,,937
Q9SZY4,Q41975,1,,False,,938
O81025,Q41975,1,,False,,939
F4I337,Q03250,1,,False,,94
Q8GWP3,Q41975,1,,False,,940
F4IFN6,Q41975,1,,False,,941
Q8S897,Q41975,1,,False,,942
Q9ZUW5,Q03250,1,,False,,943
Q8RUN2,A0A178VRB0,1,,False,,944
Q9SK02,Q41975,1,,False,,945
Q9ZW15,Q41975,1,,False,,946
Q9ZW16,Q41975,1,,False,,947
F4IKM1,Q41975,1,,False,,948
Q9ZW21,Q03250,1,,False,,949
F4I352,Q03250,1,,False,,95
Q6DBM8,Q41975,1,,False,,950
Q9ZW31,Q41975,1,,False,,951
O04333,Q41975,1,,False,,952
Q84TK1,Q41975,1,,False,,953
Q9SID2,Q41975,1,,False,,954
Q9SIQ2,Q41975,1,,False,,955
Q9SKB7,Q41975,1,,False,,956
Q9SKY8,A0A178VRB0,1,,False,,957
O48851,Q41975,1,,False,,958
O48843,Q41975,1,,False,,959
Q9S9P6,Q41975,1,,False,,96
Q84MD6,Q41975,1,,False,,960
O49325,Q03250,1,,False,,961
O49323,Q41975,1,,False,,962
AT2G08580,Q03250,1,,False,,963
P93007,Q41975,1,,False,,964
AT2G33815,Q41975,1,,False,,965
P93017,Q41975,1,,False,,966
Q1G3S4,Q41975,1,,False,,967
P93019,Q41975,1,,False,,968
F4IGU3,A0A178VRB0,1,,False,,969
Q9SA71,Q41975,1,,False,,97
O22971,Q41975,1,,False,,970
A0A178VQ81,Q41975,1,,False,,971
O80770,Q03250,1,,False,,972
AT2G08665,A0A178VRB0,1,,False,,973
A0A178VRB0,A0A178WJA3,1,,False,,974
A0A178VRB0,AT1G04223,1,,False,,975
A0A178VRB0,AT1G04463,1,,False,,976
A0A178VRB0,AT1G05017,1,,False,,977
A0A178VRB0,Q9LQW3,1,,False,,978
A0A178VRB0,Q9FZ62,1,,False,,979
A0A178WJZ2,Q41975,1,,False,,98
A0A178VRB0,Q9LMV9,1,,False,,980
A0A178VRB0,Q9LPU8,1,,False,,981
A0A178VRB0,Q8L9J7,1,,False,,982
A0A178VRB0,Q9S7P4,1,,False,,983
A0A178VRB0,Q9LQ29,1,,False,,984
A0A178VRB0,F4HV37,1,,False,,985
A0A178VRB0,F4I3E1,1,,False,,986
A0A178VRB0,Q8RY71,1,,False,,987
A0A178VRB0,F4I1Y9,1,,False,,988
A0A178VRB0,AT1G08667,1,,False,,989
P0DN99,Q03250,1,,False,,99
A0A178VRB0,Q9SGU9,1,,False,,990
A0A178VRB0,Q9SRZ2,1,,False,,991
A0A178VRB0,AT1G08847,1,,False,,992
A0A178VRB0,AT1G09423,1,,False,,993
A0A178VRB0,AT1G09513,1,,False,,994
A0A178VRB0,Q5BPU6,1,,False,,995
A0A178VRB0,Q9LZW0,1,,False,,996
A0A178VRB0,Q9C5R8,1,,False,,997
A0A178VRB0,Q9FLS0,1,,False,,998
A0A178VRB0,Q9FLR1,1,,False,,999
